{
    "joint_cors_1": {
        "knee coordinates": {
            "right knee": [
                0.46606552600860596,
                0.5950376391410828
            ],
            "left knee": [
                0.5885471701622009,
                0.5790109634399414
            ]
        }
    },
    "joint_cors_2": {
        "knee coordinates": {
            "right knee": [
                0.7537388801574707,
                0.6284451484680176
            ],
            "left knee": [
                0.8052867650985718,
                0.5934683084487915
            ]
        }
    },
    "joint_cors_3": {
        "knee coordinates": {
            "right knee": [
                0.5436705946922302,
                0.6532362103462219
            ],
            "left knee": [
                0.5244966149330139,
                0.6644585132598877
            ]
        }
    },
    "joint_cors_4": {
        "knee coordinates": {
            "right knee": [
                0.7121872305870056,
                0.5350120663642883
            ],
            "left knee": [
                0.6872977614402771,
                0.5303550958633423
            ]
        }
    },
    "joint_cors_5": {
        "knee coordinates": {
            "right knee": [
                0.7287875413894653,
                0.4981951415538788
            ],
            "left knee": [
                0.7458067536354065,
                0.4935286045074463
            ]
        }
    },
    "joint_cors_6": {
        "knee coordinates": {
            "right knee": [
                0.7285640239715576,
                0.5102692246437073
            ],
            "left knee": [
                0.7281969785690308,
                0.5245239734649658
            ]
        }
    },
    "joint_cors_7": {
        "knee coordinates": {
            "right knee": [
                0.39904075860977173,
                0.5843659043312073
            ],
            "left knee": [
                0.37032434344291687,
                0.5900635719299316
            ]
        }
    },
    "joint_cors_8": {
        "knee coordinates": {
            "right knee": [
                0.7308582067489624,
                0.5539500117301941
            ],
            "left knee": [
                0.7047120928764343,
                0.5497913956642151
            ]
        }
    },
    "joint_cors_9": {
        "knee coordinates": {
            "right knee": [
                0.7104068398475647,
                0.5612298846244812
            ],
            "left knee": [
                0.7096374034881592,
                0.5766671299934387
            ]
        }
    },
    "joint_cors_10": {
        "knee coordinates": {
            "right knee": [
                0.2760160565376282,
                0.4685877859592438
            ],
            "left knee": [
                0.309754878282547,
                0.4540265202522278
            ]
        }
    },
    "joint_cors_11": {
        "knee coordinates": {
            "right knee": [
                0.16323454678058624,
                0.6960119009017944
            ],
            "left knee": [
                0.1375969648361206,
                0.6872404217720032
            ]
        }
    },
    "joint_cors_12": {
        "knee coordinates": {
            "right knee": [
                0.40136978030204773,
                0.6178590059280396
            ],
            "left knee": [
                0.36943742632865906,
                0.6395903825759888
            ]
        }
    },
    "joint_cors_13": {
        "knee coordinates": {
            "right knee": [
                0.32389554381370544,
                0.7224013805389404
            ],
            "left knee": [
                0.29669639468193054,
                0.7146164178848267
            ]
        }
    },
    "joint_cors_14": {
        "knee coordinates": {
            "right knee": [
                0.15110303461551666,
                0.6312639117240906
            ],
            "left knee": [
                0.34946298599243164,
                0.5043324828147888
            ]
        }
    },
    "joint_cors_15": {
        "knee coordinates": {
            "right knee": [
                0.2670121490955353,
                0.6913988590240479
            ],
            "left knee": [
                0.4380262792110443,
                0.677280604839325
            ]
        }
    },
    "joint_cors_16": {
        "knee coordinates": {
            "right knee": [
                0.8820387721061707,
                0.3196127414703369
            ],
            "left knee": [
                0.9060792326927185,
                0.3264572024345398
            ]
        }
    },
    "joint_cors_17": {
        "knee coordinates": {
            "right knee": [
                0.49468064308166504,
                0.3793228566646576
            ],
            "left knee": [
                0.5123201012611389,
                0.38168662786483765
            ]
        }
    },
    "joint_cors_18": {
        "knee coordinates": {
            "right knee": [
                0.4095239043235779,
                0.418420672416687
            ],
            "left knee": [
                0.43381574749946594,
                0.41392964124679565
            ]
        }
    },
    "joint_cors_19": {
        "knee coordinates": {
            "right knee": [
                0.3144356608390808,
                0.41263842582702637
            ],
            "left knee": [
                0.35105928778648376,
                0.4035648703575134
            ]
        }
    },
    "joint_cors_20": {
        "knee coordinates": {
            "right knee": [
                0.6415885090827942,
                0.7222225666046143
            ],
            "left knee": [
                0.5829610228538513,
                0.6903162598609924
            ]
        }
    },
    "joint_cors_21": {
        "knee coordinates": {
            "right knee": [
                0.4037120044231415,
                0.6359617710113525
            ],
            "left knee": [
                0.4497267007827759,
                0.6353194713592529
            ]
        }
    },
    "joint_cors_22": {
        "knee coordinates": {
            "right knee": [
                0.3268932104110718,
                0.7128812670707703
            ],
            "left knee": [
                0.36960360407829285,
                0.7305759191513062
            ]
        }
    },
    "joint_cors_23": {
        "knee coordinates": {
            "right knee": [
                0.37712526321411133,
                0.7554811835289001
            ],
            "left knee": [
                0.42472365498542786,
                0.7646344900131226
            ]
        }
    },
    "joint_cors_24": {
        "knee coordinates": {
            "right knee": [
                0.41361287236213684,
                0.7587874531745911
            ],
            "left knee": [
                0.48695531487464905,
                0.7296768426895142
            ]
        }
    },
    "joint_cors_25": {
        "knee coordinates": {
            "right knee": [
                0.39866602420806885,
                0.5604112148284912
            ],
            "left knee": [
                0.4574960768222809,
                0.6028724312782288
            ]
        }
    },
    "joint_cors_26": {
        "knee coordinates": {
            "right knee": [
                0.5479906797409058,
                0.5715822577476501
            ],
            "left knee": [
                0.48365381360054016,
                0.5967251658439636
            ]
        }
    },
    "joint_cors_27": {
        "knee coordinates": {
            "right knee": [
                0.549248456954956,
                0.47917640209198
            ],